order_item_id,order_id,product_id,quantity
1,377,40,1
2,456,30,1
3,897,43,2
4,199,10,1
5,393,36,4
6,912,16,4
7,390,46,2
8,395,30,4
9,822,28,2
10,157,13,2
11,370,50,1
12,112,42,3
13,67,50,1
14,893,28,3
15,963,12,2
16,477,45,4
17,803,36,2
18,986,36,5
19,571,33,5
20,101,30,4
21,275,42,1
22,9,23,3
23,728,17,5
24,846,15,2
25,614,2,3
26,384,20,1
27,981,34,1
28,230,24,4
29,731,38,5
30,804,22,3
31,790,6,5
32,838,36,4
33,942,27,3
34,548,43,1
35,836,45,2
36,106,33,5
37,252,10,1
38,83,5,3
39,389,39,4
40,20,19,3
41,378,42,5
42,112,13,4
43,965,13,2
44,384,28,5
45,494,29,5
46,351,33,4
47,401,29,3
48,648,26,4
49,949,19,5
50,332,24,3
51,530,14,4
52,132,2,2
53,224,31,2
54,556,44,3
55,979,41,3
56,133,28,1
57,969,21,1
58,449,44,5
59,291,25,3
60,973,49,4
61,37,50,3
62,619,32,2
63,136,17,2
64,681,38,3
65,322,31,3
66,346,9,5
67,911,8,1
68,745,14,1
69,957,49,5
70,106,13,1
71,674,7,3
72,484,4,1
73,719,1,2
74,750,24,2
75,449,41,2
76,407,45,1
77,906,3,1
78,1,36,4
79,345,50,3
80,919,37,1
81,334,20,3
82,340,36,4
83,728,43,2
84,818,19,4
85,749,47,1
86,840,48,1
87,700,35,3
88,573,20,4
89,57,12,1
90,258,7,5
91,391,8,5
92,723,25,2
93,560,15,2
94,614,34,3
95,480,7,2
96,956,37,5
97,445,3,4
98,558,31,4
99,747,19,5
100,799,38,4
101,756,29,5
102,16,34,5
103,293,9,1
104,732,50,1
105,727,46,2
106,521,28,2
107,868,17,4
108,835,15,1
109,168,16,4
110,818,38,3
111,407,30,3
112,808,30,4
113,43,14,5
114,357,18,5
115,594,41,5
116,941,26,2
117,222,46,3
118,193,5,5
119,612,2,4
120,780,22,1
121,181,39,1
122,14,48,2
123,806,16,5
124,470,21,3
125,985,18,4
126,735,12,3
127,52,12,1
128,160,29,2
129,539,1,4
130,419,50,3
131,744,19,2
132,566,1,1
133,59,24,2
134,341,27,2
135,519,30,1
136,442,20,1
137,440,45,2
138,536,24,2
139,33,25,5
140,703,26,1
141,72,15,4
142,994,49,4
143,1,20,2
144,635,45,3
145,372,22,5
146,453,12,2
147,399,17,2
148,467,9,3
149,32,37,3
150,199,42,5
151,573,12,3
152,544,20,1
153,869,23,3
154,178,26,1
155,792,11,2
156,367,4,5
157,548,19,1
158,949,19,1
159,288,7,4
160,641,21,2
161,670,4,1
162,315,8,1
163,234,32,5
164,923,31,2
165,512,18,4
166,690,48,3
167,4,12,1
168,721,48,2
169,920,5,3
170,882,32,3
171,353,35,1
172,41,27,2
173,266,27,5
174,23,13,5
175,4,17,2
176,675,9,1
177,168,2,4
178,261,23,2
179,914,37,2
180,351,32,5
181,111,1,4
182,1,23,5
183,735,24,2
184,775,16,3
185,694,13,3
186,560,12,2
187,52,26,1
188,986,31,3
189,569,42,4
190,123,32,4
191,603,15,2
192,78,38,4
193,827,8,1
194,94,18,3
195,337,17,5
196,795,3,4
197,96,11,2
198,82,4,5
199,350,26,4
200,758,21,1
201,675,38,4
202,794,24,3
203,275,10,1
204,689,14,4
205,554,19,3
206,269,26,2
207,857,27,1
208,45,24,1
209,240,20,4
210,893,6,5
211,650,39,2
212,815,22,2
213,710,7,1
214,912,45,2
215,573,47,1
216,72,46,3
217,22,26,2
218,409,15,2
219,127,18,5
220,950,3,2
221,289,8,4
222,962,2,2
223,976,34,2
224,38,5,5
225,68,42,4
226,296,49,3
227,196,30,5
228,602,22,2
229,148,47,3
230,326,44,2
231,519,16,2
232,782,42,2
233,474,49,2
234,366,5,3
235,21,47,3
236,643,32,1
237,397,17,2
238,223,5,4
239,364,14,5
240,753,42,3
241,649,9,5
242,382,10,3
243,312,50,2
244,775,36,5
245,250,49,3
246,809,43,4
247,373,31,3
248,148,29,3
249,403,11,1
250,72,46,3
251,919,18,5
252,839,39,2
253,848,35,3
254,646,49,5
255,972,30,1
256,222,46,4
257,144,4,4
258,862,21,3
259,387,8,5
260,402,47,2
261,426,7,3
262,74,43,2
263,516,16,1
264,529,4,4
265,786,19,2
266,727,22,3
267,368,21,3
268,772,46,3
269,470,10,4
270,480,17,4
271,989,43,4
272,238,32,4
273,597,8,4
274,853,20,1
275,607,3,1
276,920,4,4
277,308,23,5
278,800,31,2
279,479,35,2
280,876,43,4
281,865,1,5
282,207,11,3
283,562,47,4
284,174,44,4
285,811,17,2
286,748,30,4
287,808,29,4
288,875,10,2
289,292,17,2
290,796,23,4
291,720,10,2
292,980,39,5
293,957,22,3
294,538,29,5
295,250,25,3
296,869,36,3
297,857,40,5
298,282,41,4
299,210,37,2
300,758,34,1
301,764,20,5
302,734,45,1
303,303,5,5
304,943,3,2
305,701,39,1
306,207,6,2
307,603,20,4
308,35,25,5
309,486,44,1
310,972,48,5
311,591,49,4
312,198,12,4
313,466,28,2
314,499,38,5
315,987,24,4
316,830,17,3
317,707,47,1
318,910,21,1
319,477,36,2
320,755,3,3
321,507,6,2
322,61,9,1
323,579,21,1
324,945,6,1
325,910,29,3
326,433,26,1
327,856,3,1
328,654,22,2
329,594,10,1
330,850,20,2
331,554,40,3
332,468,32,3
333,160,7,4
334,866,24,4
335,943,29,1
336,157,12,1
337,801,13,4
338,692,27,3
339,41,46,3
340,389,35,4
341,368,47,3
342,662,17,5
343,401,41,2
344,529,4,2
345,209,11,4
346,467,42,2
347,601,18,4
348,706,19,5
349,529,14,2
350,245,35,3
351,604,23,1
352,612,13,5
353,915,45,3
354,958,2,5
355,2,18,5
356,142,38,5
357,948,2,2
358,39,45,1
359,572,7,4
360,477,27,3
361,970,40,5
362,726,39,4
363,315,45,1
364,850,29,3
365,198,41,5
366,983,36,5
367,25,37,3
368,218,47,5
369,459,21,3
370,719,47,2
371,524,8,2
372,691,24,5
373,68,29,1
374,478,48,4
375,8,11,4
376,98,24,2
377,724,45,3
378,458,18,5
379,121,22,4
380,797,2,4
381,745,43,4
382,559,47,4
383,831,22,2
384,722,28,5
385,310,6,4
386,222,45,5
387,301,40,2
388,137,11,3
389,416,1,5
390,436,22,5
391,922,41,1
392,59,37,2
393,566,22,2
394,903,28,1
395,585,23,2
396,840,31,4
397,871,25,2
398,862,24,4
399,290,23,5
400,489,42,2
401,127,10,1
402,945,7,2
403,242,2,5
404,388,3,3
405,238,43,1
406,537,7,2
407,73,49,1
408,382,33,4
409,262,18,2
410,659,21,3
411,864,39,1
412,726,21,1
413,316,49,3
414,889,36,1
415,179,13,4
416,897,38,4
417,978,28,1
418,828,40,2
419,185,49,1
420,368,49,5
421,798,37,2
422,106,34,1
423,159,13,3
424,85,31,2
425,510,39,1
426,798,44,5
427,612,17,1
428,306,30,4
429,105,12,3
430,570,31,1
431,804,4,2
432,772,15,4
433,167,11,5
434,387,50,1
435,316,32,5
436,129,2,1
437,281,48,5
438,789,44,1
439,807,31,5
440,918,19,4
441,349,21,1
442,775,22,2
443,637,40,5
444,166,48,5
445,702,19,5
446,970,11,4
447,160,20,3
448,768,5,2
449,857,16,4
450,918,3,1
451,633,30,3
452,491,10,2
453,791,14,3
454,685,36,4
455,601,9,2
456,689,31,2
457,217,29,4
458,230,6,3
459,911,7,5
460,161,46,5
461,609,37,5
462,26,23,5
463,186,37,3
464,367,30,2
465,169,49,5
466,287,1,3
467,80,43,4
468,837,31,1
469,418,12,4
470,958,44,5
471,111,12,4
472,838,13,3
473,801,12,5
474,235,19,4
475,616,3,2
476,521,6,4
477,326,10,1
478,200,16,2
479,575,4,3
480,684,30,2
481,371,2,4
482,726,21,4
483,704,28,1
484,164,37,4
485,486,8,3
486,527,45,3
487,761,8,4
488,501,37,4
489,530,32,5
490,836,21,4
491,192,33,5
492,284,42,5
493,697,24,2
494,868,46,2
495,390,28,1
496,401,49,5
497,692,48,2
498,553,21,4
499,940,31,1
500,503,5,2
501,819,12,1
502,320,30,2
503,416,38,2
504,874,44,5
505,619,44,2
506,684,12,2
507,142,37,1
508,781,50,3
509,180,42,5
510,462,42,4
511,146,43,1
512,366,15,5
513,96,42,3
514,623,8,5
515,386,4,4
516,547,35,4
517,340,6,1
518,485,24,4
519,490,48,4
520,707,7,1
521,161,49,3
522,19,1,3
523,744,40,2
524,851,32,5
525,564,38,4
526,957,32,1
527,729,17,1
528,311,25,3
529,521,8,1
530,605,38,5
531,408,19,3
532,487,44,3
533,494,40,3
534,446,4,5
535,807,32,4
536,257,37,3
537,108,20,5
538,81,32,5
539,768,2,5
540,224,16,2
541,295,11,2
542,792,40,1
543,785,42,3
544,933,29,4
545,743,40,3
546,964,33,5
547,885,46,3
548,72,31,2
549,187,47,5
550,892,3,2
551,360,22,5
552,737,3,5
553,818,33,5
554,666,7,1
555,941,39,5
556,302,7,1
557,32,49,5
558,640,13,1
559,353,18,2
560,646,48,1
561,281,21,1
562,876,24,3
563,847,12,2
564,156,45,4
565,824,12,3
566,36,34,1
567,844,1,5
568,444,8,4
569,367,4,3
570,961,32,2
571,6,49,3
572,64,47,5
573,425,26,4
574,948,14,3
575,503,44,2
576,669,38,3
577,644,1,1
578,765,12,4
579,832,41,5
580,96,9,1
581,51,15,2
582,162,26,2
583,265,4,1
584,52,18,5
585,284,50,1
586,792,46,2
587,254,43,1
588,36,43,1
589,814,35,5
590,980,44,1
591,504,22,5
592,538,20,1
593,983,49,1
594,776,9,1
595,725,31,5
596,543,39,3
597,34,34,4
598,926,33,2
599,810,9,4
600,363,34,3
601,719,45,3
602,590,9,5
603,814,23,5
604,733,9,2
605,279,42,4
606,305,17,4
607,121,43,5
608,705,45,5
609,863,45,5
610,519,36,5
611,145,37,4
612,950,26,4
613,513,41,2
614,601,43,2
615,628,30,5
616,311,2,4
617,648,24,5
618,288,30,3
619,943,21,5
620,829,10,4
621,9,8,5
622,119,39,2
623,712,31,2
624,806,19,1
625,855,4,3
626,104,10,5
627,791,11,4
628,264,12,3
629,952,1,2
630,128,12,3
631,368,42,5
632,122,32,5
633,877,16,4
634,501,6,3
635,161,46,3
636,754,47,1
637,485,7,3
638,715,10,1
639,261,24,4
640,805,43,2
641,557,41,3
642,779,33,4
643,577,40,2
644,240,46,3
645,211,18,2
646,99,7,2
647,528,17,4
648,99,37,3
649,77,46,3
650,84,29,4
651,348,17,2
652,4,7,4
653,761,36,3
654,620,45,2
655,476,17,3
656,485,2,1
657,993,4,5
658,115,49,3
659,83,39,4
660,993,44,4
661,641,20,1
662,219,2,2
663,858,28,1
664,493,14,4
665,828,16,3
666,740,18,4
667,21,7,3
668,72,6,4
669,450,11,2
670,857,9,5
671,284,13,5
672,522,6,3
673,940,7,2
674,190,10,2
675,373,28,5
676,665,34,5
677,671,33,4
678,622,23,5
679,56,40,5
680,193,15,1
681,597,34,4
682,921,2,4
683,557,50,1
684,401,24,2
685,263,44,4
686,355,19,5
687,190,49,2
688,332,29,2
689,910,46,2
690,821,45,2
691,169,2,5
692,249,14,2
693,24,50,5
694,787,6,4
695,980,38,4
696,808,2,1
697,933,49,2
698,742,17,2
699,45,35,2
700,44,9,2
701,146,27,4
702,793,14,4
703,467,8,1
704,57,44,2
705,585,49,2
706,396,9,5
707,23,34,5
708,939,32,2
709,736,46,3
710,911,37,5
711,211,22,3
712,869,24,3
713,187,7,4
714,418,4,5
715,793,11,4
716,9,2,1
717,816,6,4
718,677,8,1
719,834,22,4
720,402,40,3
721,252,10,3
722,967,9,2
723,902,19,4
724,810,48,1
725,148,45,3
726,752,46,1
727,518,18,3
728,81,22,1
729,593,40,3
730,416,48,2
731,373,4,4
732,103,11,1
733,868,45,5
734,347,32,1
735,68,41,4
736,351,35,1
737,248,39,5
738,977,14,1
739,275,14,3
740,702,41,3
741,404,28,5
742,641,31,5
743,369,45,4
744,172,32,5
745,690,8,5
746,368,23,2
747,685,35,1
748,705,24,3
749,975,22,4
750,607,48,4
751,516,21,1
752,337,30,5
753,840,31,1
754,159,46,1
755,707,16,4
756,241,40,5
757,700,41,2
758,903,5,4
759,720,34,3
760,122,1,2
761,210,4,3
762,325,41,4
763,426,20,5
764,11,31,3
765,393,27,4
766,212,4,1
767,947,7,3
768,716,3,4
769,716,16,3
770,279,35,2
771,453,1,3
772,983,26,1
773,650,24,4
774,969,14,5
775,515,24,3
776,474,13,5
777,294,22,5
778,580,37,5
779,310,16,4
780,205,16,5
781,491,47,2
782,169,6,3
783,438,16,1
784,7,5,3
785,870,32,5
786,984,10,2
787,534,48,5
788,773,22,3
789,716,6,1
790,509,25,4
791,666,26,1
792,489,37,1
793,910,49,4
794,351,48,2
795,713,5,2
796,450,3,5
797,913,3,4
798,937,33,4
799,60,30,3
800,593,22,1
801,479,16,5
802,158,27,1
803,861,8,5
804,753,44,2
805,693,42,2
806,979,18,3
807,769,3,2
808,157,5,3
809,859,3,5
810,205,29,5
811,810,34,1
812,136,32,3
813,850,32,3
814,483,19,4
815,481,18,5
816,990,38,1
817,237,19,2
818,632,8,5
819,576,15,2
820,214,27,1
821,116,15,4
822,411,28,5
823,437,17,1
824,210,40,1
825,570,2,5
826,828,26,4
827,70,17,2
828,528,44,5
829,763,23,2
830,849,10,3
831,998,35,5
832,604,11,5
833,936,20,3
834,451,41,2
835,662,26,3
836,869,33,2
837,917,20,2
838,949,46,4
839,384,47,5
840,605,6,4
841,164,3,4
842,123,3,3
843,50,10,2
844,322,3,2
845,553,42,1
846,948,27,2
847,789,5,1
848,808,7,4
849,716,15,4
850,658,8,2
851,336,25,3
852,787,43,2
853,543,40,3
854,264,24,2
855,474,31,4
856,875,5,1
857,718,15,3
858,780,41,2
859,127,43,1
860,628,15,2
861,636,21,2
862,673,8,5
863,581,9,3
864,7,14,5
865,141,12,5
866,177,21,1
867,732,26,1
868,959,49,4
869,402,42,3
870,952,46,2
871,237,7,1
872,667,32,3
873,139,23,2
874,835,33,1
875,446,31,1
876,758,24,2
877,68,2,1
878,825,35,2
879,846,17,5
880,212,33,3
881,134,1,5
882,804,10,2
883,465,29,1
884,845,5,3
885,660,1,1
886,816,20,1
887,631,35,5
888,264,16,5
889,2,24,3
890,301,15,5
891,816,28,5
892,534,14,3
893,171,10,1
894,284,30,2
895,463,30,2
896,824,15,4
897,771,37,5
898,913,43,5
899,608,18,5
900,63,50,2
901,254,11,1
902,751,43,5
903,702,49,2
904,878,15,5
905,674,20,2
906,781,30,3
907,379,35,4
908,773,50,1
909,670,43,1
910,301,25,4
911,212,37,3
912,984,24,5
913,282,37,2
914,997,18,1
915,757,29,2
916,128,7,5
917,102,34,5
918,921,10,2
919,179,2,2
920,77,24,2
921,240,18,4
922,218,31,1
923,949,44,5
924,805,12,1
925,892,32,3
926,545,50,1
927,303,35,2
928,169,24,5
929,606,33,4
930,341,11,2
931,308,14,3
932,834,18,4
933,478,5,5
934,814,45,4
935,739,39,4
936,110,38,5
937,69,13,5
938,538,35,5
939,789,36,3
940,720,33,5
941,139,7,4
942,718,34,3
943,590,38,4
944,88,16,5
945,674,1,3
946,250,33,2
947,66,2,4
948,309,23,1
949,89,44,1
950,537,37,3
951,446,45,3
952,487,47,3
953,785,36,1
954,329,17,2
955,297,27,1
956,795,29,1
957,758,37,2
958,219,26,5
959,40,31,3
960,591,45,1
961,982,26,4
962,408,37,3
963,321,10,1
964,947,1,5
965,285,43,1
966,895,44,4
967,471,48,3
968,336,23,4
969,540,43,1
970,899,32,4
971,288,33,5
972,332,16,3
973,223,20,1
974,663,28,5
975,588,12,3
976,552,48,5
977,598,6,5
978,48,31,3
979,788,2,3
980,738,21,3
981,935,17,5
982,776,8,4
983,721,34,2
984,615,35,3
985,631,11,5
986,204,38,2
987,240,47,3
988,744,14,4
989,526,37,2
990,626,6,2
991,343,21,2
992,828,33,3
993,414,37,1
994,434,15,3
995,902,49,4
996,229,17,1
997,212,33,2
998,931,22,1
999,720,32,2
1000,593,25,5
1001,863,43,2
1002,609,42,2
1003,207,18,2
1004,464,46,3
1005,174,38,5
1006,367,30,4
1007,477,3,5
1008,275,15,4
1009,973,8,5
1010,270,36,2
1011,502,19,4
1012,835,27,1
1013,562,19,1
1014,90,17,3
1015,146,1,5
1016,363,36,4
1017,819,5,2
1018,917,21,1
1019,653,1,5
1020,657,41,5
1021,140,47,1
1022,648,15,5
1023,786,24,5
1024,744,37,5
1025,483,7,5
1026,806,22,1
1027,261,45,2
1028,992,8,3
1029,732,13,4
1030,212,45,4
1031,689,42,5
1032,808,45,3
1033,166,45,2
1034,921,10,2
1035,765,3,4
1036,738,21,4
1037,812,24,4
1038,409,2,2
1039,497,48,1
1040,262,19,5
1041,171,18,3
1042,640,21,4
1043,841,25,4
1044,273,40,1
1045,491,12,1
1046,623,29,3
1047,705,29,4
1048,661,9,1
1049,838,24,4
1050,119,46,4
1051,326,42,3
1052,187,9,5
1053,360,45,3
1054,553,8,1
1055,791,3,2
1056,236,22,3
1057,564,32,1
1058,815,14,3
1059,608,41,2
1060,89,33,1
1061,591,9,1
1062,20,41,1
1063,192,1,3
1064,435,47,5
1065,193,26,3
1066,590,38,1
1067,847,4,5
1068,414,31,3
1069,86,6,4
1070,695,21,2
1071,345,48,2
1072,226,50,4
1073,52,41,2
1074,382,21,2
1075,927,41,3
1076,675,21,1
1077,33,6,4
1078,878,5,5
1079,259,7,4
1080,60,25,2
1081,797,6,5
1082,109,16,5
1083,421,43,5
1084,494,50,4
1085,573,8,1
1086,736,35,2
1087,543,8,4
1088,289,2,4
1089,448,37,3
1090,569,15,2
1091,824,42,5
1092,544,25,1
1093,450,46,5
1094,487,4,2
1095,251,19,1
1096,66,44,3
1097,475,21,1
1098,516,3,4
1099,347,4,5
1100,860,44,5
1101,615,26,5
1102,188,40,5
1103,401,42,3
1104,973,12,5
1105,590,5,2
1106,888,16,4
1107,788,28,1
1108,730,41,2
1109,364,35,3
1110,418,35,5
1111,836,35,4
1112,80,48,2
1113,309,43,1
1114,580,44,2
1115,766,25,1
1116,798,41,5
1117,900,45,1
1118,345,26,5
1119,612,22,4
1120,867,17,4
1121,13,17,1
1122,285,24,4
1123,852,40,1
1124,105,15,1
1125,157,35,3
1126,315,9,4
1127,835,4,4
1128,386,28,4
1129,758,30,2
1130,404,3,5
1131,985,9,1
1132,757,10,1
1133,140,42,2
1134,604,25,2
1135,320,48,1
1136,628,38,5
1137,763,6,3
1138,268,40,2
1139,41,21,3
1140,897,47,2
1141,900,17,3
1142,936,7,2
1143,98,6,5
1144,851,46,4
1145,636,12,3
1146,581,17,4
1147,500,30,4
1148,54,31,3
1149,415,41,1
1150,37,45,2
1151,762,14,2
1152,441,38,1
1153,191,43,3
1154,679,20,4
1155,646,40,1
1156,480,40,3
1157,603,26,4
1158,261,43,1
1159,6,1,2
1160,916,3,5
1161,998,10,1
1162,711,44,2
1163,594,44,3
1164,485,43,3
1165,385,41,2
1166,795,46,2
1167,231,28,1
1168,475,46,5
1169,602,29,3
1170,363,26,2
1171,475,34,4
1172,713,26,3
1173,152,38,4
1174,907,9,3
1175,800,29,3
1176,835,25,5
1177,800,1,3
1178,45,12,2
1179,619,26,4
1180,754,39,5
1181,871,43,2
1182,831,37,1
1183,590,2,1
1184,439,2,4
1185,94,10,5
1186,595,26,4
1187,969,50,1
1188,725,14,1
1189,538,34,1
1190,742,6,1
1191,872,10,5
1192,816,34,1
1193,680,46,3
1194,854,30,3
1195,525,47,1
1196,163,39,5
1197,73,25,2
1198,344,42,3
1199,388,8,3
1200,103,17,1
1201,674,19,5
1202,471,13,1
1203,939,30,3
1204,701,33,4
1205,792,34,3
1206,697,48,4
1207,324,22,1
1208,716,24,3
1209,846,16,1
1210,285,6,3
1211,361,30,1
1212,558,34,2
1213,835,6,2
1214,701,30,1
1215,760,38,3
1216,775,34,5
1217,160,16,2
1218,970,22,3
1219,344,4,5
1220,632,21,4
1221,68,3,3
1222,982,43,2
1223,522,44,2
1224,61,17,5
1225,930,30,1
1226,126,7,3
1227,475,47,4
1228,97,43,1
1229,563,45,4
1230,817,48,1
1231,651,22,1
1232,621,17,4
1233,918,13,1
1234,788,37,1
1235,266,9,3
1236,944,20,4
1237,652,42,5
1238,104,1,4
1239,102,18,3
1240,129,39,2
1241,585,28,3
1242,196,24,1
1243,995,8,4
1244,544,19,1
1245,566,9,1
1246,161,23,3
1247,676,17,4
1248,942,13,4
1249,327,8,5
1250,694,40,3
1251,884,47,2
1252,591,6,1
1253,103,24,5
1254,496,34,4
1255,979,49,5
1256,257,17,3
1257,414,29,2
1258,261,1,1
1259,241,36,5
1260,496,42,4
1261,331,45,5
1262,133,41,1
1263,123,43,3
1264,800,9,5
1265,916,36,3
1266,630,37,4
1267,107,25,4
1268,879,26,5
1269,495,18,3
1270,443,9,4
1271,932,30,3
1272,705,40,3
1273,754,37,2
1274,729,14,4
1275,515,33,1
1276,6,31,3
1277,708,38,5
1278,95,24,5
1279,119,33,3
1280,890,43,4
1281,663,41,5
1282,21,13,1
1283,5,23,3
1284,259,30,2
1285,203,30,2
1286,650,9,1
1287,920,1,2
1288,948,5,2
1289,188,46,5
1290,200,37,3
1291,212,1,1
1292,375,7,4
1293,637,23,1
1294,990,16,5
1295,646,36,5
1296,611,19,3
1297,702,29,5
1298,763,31,5
1299,777,5,3
1300,428,49,5
1301,283,34,5
1302,62,27,3
1303,769,4,3
1304,86,9,1
1305,243,1,3
1306,490,46,4
1307,53,29,1
1308,911,29,3
1309,661,33,2
1310,67,21,4
1311,605,21,2
1312,456,4,2
1313,820,30,2
1314,891,29,3
1315,330,23,5
1316,569,45,4
1317,992,31,4
1318,294,9,4
1319,900,27,4
1320,584,23,1
1321,942,18,2
1322,160,4,5
1323,541,37,5
1324,577,38,1
1325,259,50,1
1326,333,34,3
1327,500,32,5
1328,44,14,1
1329,334,37,5
1330,715,38,2
1331,571,43,3
1332,866,39,2
1333,164,15,4
1334,997,30,1
1335,339,2,5
1336,692,23,4
1337,243,30,3
1338,809,42,1
1339,465,28,3
1340,946,1,3
1341,500,19,5
1342,956,47,3
1343,512,1,1
1344,793,44,5
1345,65,18,1
1346,260,27,2
1347,891,16,1
1348,887,23,5
1349,579,1,5
1350,737,14,1
1351,105,1,5
1352,649,34,4
1353,15,9,4
1354,593,16,4
1355,753,41,1
1356,104,27,5
1357,509,32,4
1358,567,12,5
1359,62,4,3
1360,320,42,5
1361,659,27,4
1362,270,10,4
1363,877,23,1
1364,353,17,1
1365,282,16,5
1366,922,15,5
1367,596,11,3
1368,267,38,4
1369,41,14,5
1370,208,19,3
1371,884,13,5
1372,610,48,1
1373,429,6,2
1374,857,33,2
1375,542,44,4
1376,631,14,5
1377,671,28,1
1378,162,5,3
1379,543,48,4
1380,351,44,5
1381,506,23,4
1382,864,44,4
1383,771,49,1
1384,879,38,2
1385,412,34,1
1386,173,9,3
1387,333,40,1
1388,528,9,3
1389,680,4,2
1390,333,49,1
1391,98,50,5
1392,166,34,5
1393,835,33,5
1394,716,19,1
1395,223,26,4
1396,315,23,1
1397,845,15,1
1398,196,20,3
1399,3,8,2
1400,36,16,3
1401,229,2,5
1402,726,28,4
1403,236,16,3
1404,565,48,3
1405,599,5,5
1406,389,22,1
1407,532,23,3
1408,23,5,3
1409,447,39,5
1410,579,39,3
1411,448,43,3
1412,633,24,2
1413,169,3,3
1414,641,4,5
1415,656,1,2
1416,15,10,4
1417,170,17,2
1418,78,15,3
1419,981,15,2
1420,500,6,1
1421,998,49,3
1422,230,27,1
1423,995,35,5
1424,244,28,4
1425,253,23,2
1426,182,28,4
1427,677,21,5
1428,724,39,4
1429,380,13,3
1430,41,37,5
1431,547,33,4
1432,99,8,5
1433,329,42,5
1434,18,11,2
1435,969,10,3
1436,267,5,4
1437,191,20,3
1438,26,9,2
1439,536,30,5
1440,933,3,4
1441,408,49,1
1442,819,46,3
1443,880,35,5
1444,926,45,3
1445,360,37,1
1446,615,38,1
1447,269,38,3
1448,703,11,5
1449,121,15,1
1450,168,21,4
1451,120,20,3
1452,710,30,1
1453,742,28,3
1454,701,38,4
1455,983,45,2
1456,236,35,5
1457,664,17,4
1458,814,25,5
1459,723,42,4
1460,767,50,4
1461,315,16,2
1462,768,27,5
1463,567,16,3
1464,844,9,3
1465,73,37,4
1466,503,19,1
1467,683,20,4
1468,302,26,5
1469,804,43,1
1470,497,49,1
1471,44,48,5
1472,386,47,3
1473,128,23,2
1474,287,7,4
1475,171,24,4
1476,429,41,4
1477,820,40,5
1478,828,7,5
1479,677,32,4
1480,948,41,5
1481,100,38,2
1482,489,49,4
1483,877,28,4
1484,815,4,4
1485,351,22,2
1486,555,23,2
1487,565,29,3
1488,302,47,2
1489,567,31,5
1490,249,16,3
1491,654,43,2
1492,618,22,2
1493,234,49,2
1494,383,1,4
1495,541,6,2
1496,920,27,4
1497,172,30,2
1498,272,17,4
1499,174,4,4
1500,422,29,5
1501,998,22,1
1502,634,14,2
1503,120,8,1
1504,453,18,1
1505,798,10,3
1506,507,22,3
1507,529,20,4
1508,473,42,5
1509,298,27,1
1510,562,45,4
1511,793,46,2
1512,597,42,2
1513,22,36,2
1514,7,41,4
1515,17,35,2
1516,404,5,2
1517,94,21,2
1518,211,41,5
1519,403,2,5
1520,951,24,4
1521,458,13,4
1522,58,34,3
1523,701,50,3
1524,12,22,5
1525,41,33,4
1526,102,34,5
1527,862,8,5
1528,590,13,2
1529,267,10,5
1530,775,8,4
1531,289,29,3
1532,65,43,4
1533,301,13,4
1534,936,45,5
1535,324,39,5
1536,689,42,5
1537,779,25,1
1538,632,15,5
1539,329,20,5
1540,837,36,1
1541,661,29,1
1542,12,13,5
1543,772,22,5
1544,127,43,1
1545,174,4,2
1546,612,34,1
1547,623,35,3
1548,582,7,3
1549,255,18,4
1550,262,8,5
1551,210,5,5
1552,503,1,3
1553,667,42,5
1554,886,32,5
1555,105,21,3
1556,555,3,5
1557,767,3,1
1558,366,13,3
1559,772,44,1
1560,518,19,4
1561,995,7,2
1562,980,2,5
1563,674,3,1
1564,728,22,2
1565,174,46,4
1566,995,5,1
1567,636,7,2
1568,46,3,4
1569,670,35,2
1570,830,27,3
1571,709,50,3
1572,439,5,3
1573,824,26,3
1574,777,26,1
1575,112,24,2
1576,695,37,3
1577,406,47,4
1578,798,43,2
1579,490,25,5
1580,389,21,1
1581,859,5,2
1582,555,38,2
1583,928,48,4
1584,577,40,5
1585,351,23,2
1586,789,15,3
1587,653,2,1
1588,911,4,4
1589,774,34,1
1590,7,5,5
1591,259,43,5
1592,236,7,1
1593,797,27,1
1594,439,11,2
1595,396,12,5
1596,135,25,4
1597,304,48,4
1598,766,12,3
1599,399,24,5
1600,278,12,5
1601,854,21,5
1602,199,33,5
1603,683,31,3
1604,550,49,5
1605,225,10,5
1606,23,28,5
1607,960,36,2
1608,697,3,1
1609,201,23,4
1610,480,31,3
1611,138,39,5
1612,199,46,2
1613,68,14,5
1614,159,31,1
1615,672,19,5
1616,678,46,3
1617,469,32,3
1618,227,22,1
1619,83,32,5
1620,217,6,4
1621,975,15,5
1622,128,24,4
1623,61,40,2
1624,928,1,4
1625,236,40,5
1626,859,48,1
1627,16,44,3
1628,612,21,3
1629,437,3,2
1630,689,28,5
1631,816,26,2
1632,37,21,1
1633,249,1,4
1634,495,13,2
1635,332,32,2
1636,684,50,1
1637,908,5,2
1638,156,21,1
1639,195,49,3
1640,303,32,3
1641,479,43,1
1642,453,1,3
1643,590,45,1
1644,1000,20,1
1645,961,32,2
1646,270,18,4
1647,538,49,2
1648,765,34,4
1649,450,5,5
1650,101,3,3
1651,499,40,4
1652,704,49,1
1653,166,44,3
1654,807,20,3
1655,422,13,3
1656,918,34,3
1657,65,14,1
1658,872,31,1
1659,591,19,4
1660,430,15,5
1661,314,31,4
1662,329,32,3
1663,890,35,3
1664,883,2,2
1665,860,40,1
1666,787,14,5
1667,292,16,5
1668,522,21,2
1669,990,16,1
1670,443,19,4
1671,511,17,4
1672,913,30,4
1673,716,45,4
1674,898,17,2
1675,671,49,3
1676,599,15,3
1677,7,36,3
1678,712,19,5
1679,177,4,5
1680,640,15,5
1681,733,41,4
1682,214,23,2
1683,733,5,4
1684,295,14,2
1685,264,29,3
1686,438,32,2
1687,575,8,1
1688,578,49,5
1689,392,15,1
1690,525,47,2
1691,207,44,1
1692,752,15,5
1693,398,18,2
1694,249,50,3
1695,567,39,4
1696,412,24,3
1697,485,29,5
1698,624,34,5
1699,170,46,5
1700,414,37,1
1701,926,29,4
1702,802,3,5
1703,369,23,3
1704,196,25,5
1705,249,46,1
1706,26,14,1
1707,630,50,1
1708,845,25,5
1709,700,14,2
1710,456,30,1
1711,891,6,1
1712,119,22,1
1713,46,35,3
1714,842,19,4
1715,898,41,1
1716,598,10,3
1717,748,49,4
1718,174,30,1
1719,959,21,4
1720,652,48,5
1721,747,3,4
1722,771,34,5
1723,300,15,2
1724,581,20,2
1725,712,30,5
1726,630,4,1
1727,855,17,5
1728,247,1,4
1729,458,21,1
1730,761,46,4
1731,37,18,5
1732,506,11,3
1733,577,41,5
1734,810,41,5
1735,542,48,2
1736,367,11,4
1737,150,27,3
1738,783,7,2
1739,446,27,3
1740,110,41,3
1741,150,25,1
1742,624,42,3
1743,834,2,2
1744,400,29,4
1745,893,49,3
1746,241,30,1
1747,40,36,3
1748,304,27,1
1749,752,18,2
1750,731,10,1
1751,924,42,3
1752,384,32,3
1753,191,16,3
1754,916,17,2
1755,824,42,3
1756,878,5,3
1757,559,34,2
1758,844,7,5
1759,535,19,3
1760,926,22,4
1761,349,36,4
1762,902,43,1
1763,416,34,4
1764,7,2,5
1765,649,30,5
1766,307,41,5
1767,496,34,5
1768,415,11,4
1769,79,40,5
1770,989,14,2
1771,580,20,1
1772,313,41,4
1773,4,17,4
1774,940,19,4
1775,895,37,3
1776,668,43,5
1777,839,13,3
1778,750,29,2
1779,148,19,5
1780,224,20,1
1781,803,14,2
1782,754,18,1
1783,675,3,5
1784,900,32,4
1785,812,41,3
1786,831,47,2
1787,352,3,2
1788,992,29,5
1789,843,20,4
1790,978,20,3
1791,618,7,3
1792,244,40,3
1793,982,12,4
1794,372,8,4
1795,30,21,4
1796,861,48,5
1797,544,2,3
1798,939,20,3
1799,353,17,3
1800,103,38,1
1801,197,40,4
1802,6,44,4
1803,39,2,4
1804,169,13,4
1805,305,48,2
1806,517,48,3
1807,404,14,1
1808,237,23,4
1809,936,30,2
1810,562,33,2
1811,860,31,1
1812,489,35,5
1813,392,3,3
1814,186,45,1
1815,257,45,1
1816,200,13,2
1817,531,39,1
1818,42,31,3
1819,89,25,3
1820,463,11,5
1821,487,33,3
1822,644,31,4
1823,471,29,3
1824,543,42,4
1825,691,48,4
1826,586,6,2
1827,616,33,2
1828,959,29,5
1829,812,35,5
1830,891,33,4
1831,606,4,1
1832,769,8,1
1833,23,46,1
1834,758,36,4
1835,541,14,4
1836,704,28,5
1837,251,48,5
1838,790,50,2
1839,83,30,2
1840,843,32,1
1841,150,8,1
1842,190,15,5
1843,697,12,4
1844,749,28,5
1845,845,14,4
1846,62,29,1
1847,386,4,4
1848,334,21,1
1849,658,4,3
1850,898,34,5
1851,621,21,5
1852,115,20,3
1853,116,12,1
1854,525,28,2
1855,637,34,3
1856,166,33,5
1857,660,8,1
1858,416,30,1
1859,616,47,4
1860,335,47,2
1861,658,18,2
1862,185,20,2
1863,215,36,1
1864,166,35,4
1865,169,10,5
1866,758,26,5
1867,547,43,5
1868,805,31,3
1869,636,29,1
1870,402,7,5
1871,836,9,3
1872,91,17,4
1873,650,29,1
1874,939,17,2
1875,533,3,1
1876,692,32,2
1877,33,39,4
1878,726,7,5
1879,832,8,5
1880,755,31,5
1881,561,29,3
1882,832,20,1
1883,695,43,2
1884,340,28,4
1885,404,8,1
1886,298,46,3
1887,17,36,3
1888,979,18,2
1889,980,31,5
1890,88,42,4
1891,389,25,2
1892,60,30,4
1893,828,9,5
1894,108,14,4
1895,360,19,3
1896,124,48,3
1897,399,26,3
1898,756,5,4
1899,817,49,1
1900,621,45,4
1901,477,29,4
1902,931,7,2
1903,738,45,5
1904,527,9,1
1905,907,43,1
1906,683,3,1
1907,139,29,1
1908,670,28,2
1909,750,45,4
1910,467,16,3
1911,295,40,5
1912,366,34,5
1913,616,8,5
1914,767,8,1
1915,875,41,3
1916,780,3,5
1917,983,29,4
1918,566,34,4
1919,3,27,2
1920,487,36,1
1921,805,28,1
1922,126,3,1
1923,557,45,1
1924,848,21,2
1925,236,12,5
1926,67,32,3
1927,351,34,1
1928,685,47,3
1929,557,20,2
1930,205,3,2
1931,554,42,2
1932,25,23,3
1933,4,22,4
1934,670,24,5
1935,655,40,1
1936,176,24,5
1937,673,11,3
1938,549,20,1
1939,756,31,3
1940,884,31,1
1941,310,24,5
1942,620,10,2
1943,658,26,4
1944,613,22,3
1945,115,29,4
1946,271,45,1
1947,943,18,1
1948,57,42,5
1949,843,9,2
1950,892,22,5
1951,591,21,5
1952,904,20,3
1953,262,15,4
1954,859,50,3
1955,486,14,1
1956,99,45,2
1957,920,35,1
1958,298,31,3
1959,69,24,5
1960,100,2,2
1961,918,20,3
1962,107,11,2
1963,719,26,4
1964,595,11,2
1965,601,3,2
1966,140,49,5
1967,560,1,3
1968,195,47,3
1969,831,44,5
1970,812,12,1
1971,507,40,4
1972,736,34,1
1973,402,34,1
1974,519,8,4
1975,896,40,2
1976,670,11,5
1977,727,10,5
1978,460,42,3
1979,576,35,3
1980,978,35,4
1981,659,35,3
1982,610,15,1
1983,491,33,4
1984,94,3,2
1985,66,12,4
1986,882,37,3
1987,84,35,3
1988,742,11,1
1989,163,46,1
1990,308,2,4
1991,584,17,3
1992,699,13,2
1993,116,43,1
1994,821,13,2
1995,817,2,3
1996,639,32,1
1997,799,19,5
1998,884,6,3
1999,376,6,1
2000,423,17,5
