payment_id,order_id,payment_method,payment_date
1,1,Cash,2023-08-20
2,2,Card,2024-02-02
3,3,Card,2024-01-04
4,4,UPI,2024-02-16
5,5,Cash,2023-03-18
6,6,NetBanking,2023-09-22
7,7,Cash,2023-05-25
8,8,UPI,2024-08-16
9,9,UPI,2023-07-05
10,10,UPI,2024-01-30
11,11,UPI,2024-02-27
12,12,NetBanking,2023-09-05
13,13,Cash,2023-02-15
14,14,Cash,2023-01-07
15,15,NetBanking,2023-04-05
16,16,Card,2024-03-17
17,17,NetBanking,2023-09-14
18,18,Card,2023-10-06
19,19,NetBanking,2024-07-08
20,20,UPI,2024-07-14
21,21,NetBanking,2023-03-04
22,22,UPI,2024-01-20
23,23,UPI,2024-04-04
24,24,Card,2023-02-14
25,25,Card,2023-12-28
26,26,UPI,2023-09-08
27,27,UPI,2023-05-26
28,28,NetBanking,2023-10-23
29,29,Card,2023-07-28
30,30,NetBanking,2024-06-05
31,31,Cash,2023-04-13
32,32,UPI,2024-03-09
33,33,Cash,2023-03-04
34,34,UPI,2023-08-24
35,35,UPI,2024-05-01
36,36,UPI,2023-05-31
37,37,NetBanking,2023-07-05
38,38,NetBanking,2023-11-21
39,39,NetBanking,2023-09-03
40,40,UPI,2023-12-12
41,41,UPI,2023-10-26
42,42,UPI,2023-05-30
43,43,Card,2023-09-09
44,44,Card,2024-04-18
45,45,Cash,2023-05-16
46,46,UPI,2023-02-18
47,47,NetBanking,2024-05-15
48,48,Card,2023-12-14
49,49,Cash,2024-01-01
50,50,NetBanking,2024-02-08
51,51,Cash,2024-05-26
52,52,NetBanking,2023-12-27
53,53,Cash,2023-02-10
54,54,Card,2024-06-05
55,55,UPI,2023-05-24
56,56,UPI,2023-03-30
57,57,NetBanking,2024-06-30
58,58,UPI,2024-02-26
59,59,NetBanking,2023-05-03
60,60,NetBanking,2023-04-15
61,61,Card,2024-01-24
62,62,NetBanking,2023-11-24
63,63,UPI,2023-12-10
64,64,UPI,2023-10-09
65,65,Cash,2024-07-07
66,66,UPI,2023-07-29
67,67,UPI,2024-05-11
68,68,NetBanking,2024-03-08
69,69,UPI,2023-07-05
70,70,NetBanking,2023-11-18
71,71,NetBanking,2024-07-15
72,72,Cash,2023-04-01
73,73,NetBanking,2023-12-13
74,74,Cash,2024-02-22
75,75,NetBanking,2023-05-23
76,76,Cash,2023-01-20
77,77,Cash,2024-08-14
78,78,Card,2024-07-05
79,79,UPI,2023-10-24
80,80,Cash,2023-01-18
81,81,UPI,2023-08-19
82,82,Cash,2023-01-22
83,83,NetBanking,2024-01-12
84,84,UPI,2024-05-29
85,85,NetBanking,2023-09-19
86,86,NetBanking,2024-03-11
87,87,UPI,2023-10-18
88,88,Card,2024-06-01
89,89,UPI,2024-05-06
90,90,NetBanking,2023-05-30
91,91,NetBanking,2024-05-30
92,92,UPI,2023-11-03
93,93,Card,2023-02-11
94,94,Card,2024-06-08
95,95,NetBanking,2023-12-15
96,96,UPI,2023-12-16
97,97,NetBanking,2024-07-15
98,98,NetBanking,2024-01-11
99,99,Card,2023-04-27
100,100,UPI,2023-09-15
101,101,NetBanking,2023-03-26
102,102,NetBanking,2024-03-31
103,103,UPI,2023-07-04
104,104,Cash,2024-04-23
105,105,Cash,2024-07-13
106,106,UPI,2024-07-17
107,107,UPI,2023-07-08
108,108,UPI,2024-03-14
109,109,Cash,2024-04-04
110,110,Card,2024-03-01
111,111,Cash,2023-05-10
112,112,Cash,2024-07-16
113,113,UPI,2024-02-17
114,114,NetBanking,2023-08-14
115,115,UPI,2024-01-22
116,116,NetBanking,2023-05-07
117,117,Cash,2023-09-18
118,118,UPI,2023-09-07
119,119,Cash,2024-01-25
120,120,Card,2023-09-29
121,121,Cash,2023-08-25
122,122,Cash,2023-11-03
123,123,NetBanking,2024-05-30
124,124,UPI,2024-07-17
125,125,NetBanking,2024-04-25
126,126,Cash,2024-03-24
127,127,UPI,2023-07-22
128,128,Card,2024-06-17
129,129,UPI,2023-12-21
130,130,Card,2023-06-22
131,131,NetBanking,2023-02-20
132,132,NetBanking,2024-02-15
133,133,UPI,2023-03-13
134,134,Card,2023-03-31
135,135,Cash,2024-04-11
136,136,Card,2024-05-26
137,137,UPI,2024-05-16
138,138,UPI,2024-06-07
139,139,NetBanking,2023-05-05
140,140,Card,2023-10-06
141,141,UPI,2023-06-05
142,142,UPI,2024-08-23
143,143,UPI,2024-03-10
144,144,UPI,2023-08-02
145,145,NetBanking,2024-01-24
146,146,UPI,2023-04-24
147,147,Card,2023-11-23
148,148,NetBanking,2023-06-28
149,149,Cash,2024-05-05
150,150,NetBanking,2024-05-11
151,151,UPI,2024-07-31
152,152,UPI,2024-04-06
153,153,Cash,2024-02-02
154,154,UPI,2024-03-23
155,155,Cash,2023-03-23
156,156,UPI,2024-04-06
157,157,NetBanking,2023-10-29
158,158,Card,2024-08-17
159,159,NetBanking,2024-06-13
160,160,Cash,2023-07-08
161,161,NetBanking,2024-06-09
162,162,NetBanking,2023-07-14
163,163,UPI,2024-07-05
164,164,UPI,2023-07-31
165,165,NetBanking,2023-02-18
166,166,Card,2024-08-18
167,167,UPI,2023-12-06
168,168,Cash,2023-09-18
169,169,UPI,2023-03-01
170,170,Cash,2023-01-22
171,171,Cash,2023-01-08
172,172,Card,2023-09-30
173,173,Card,2024-02-17
174,174,UPI,2024-01-17
175,175,Cash,2024-02-16
176,176,UPI,2023-03-20
177,177,NetBanking,2023-03-21
178,178,Cash,2023-07-24
179,179,Card,2024-08-02
180,180,UPI,2023-07-10
181,181,Cash,2023-10-13
182,182,Cash,2023-12-11
183,183,NetBanking,2023-04-19
184,184,Cash,2024-07-13
185,185,UPI,2024-04-20
186,186,Cash,2024-07-01
187,187,Cash,2024-02-13
188,188,Cash,2023-01-25
189,189,Cash,2024-03-31
190,190,Card,2024-05-20
191,191,NetBanking,2024-03-13
192,192,UPI,2023-03-29
193,193,NetBanking,2024-03-09
194,194,UPI,2024-08-02
195,195,NetBanking,2024-01-04
196,196,Card,2024-03-13
197,197,NetBanking,2024-02-02
198,198,UPI,2023-12-07
199,199,Card,2024-03-19
200,200,NetBanking,2024-02-25
201,201,Card,2023-01-19
202,202,UPI,2023-01-22
203,203,Cash,2024-03-29
204,204,Card,2023-07-08
205,205,UPI,2023-10-16
206,206,NetBanking,2023-12-23
207,207,Cash,2023-04-23
208,208,Cash,2023-02-17
209,209,UPI,2024-06-23
210,210,UPI,2023-07-19
211,211,NetBanking,2023-09-05
212,212,NetBanking,2023-10-11
213,213,Cash,2023-05-11
214,214,NetBanking,2023-11-26
215,215,UPI,2023-11-17
216,216,Cash,2023-12-16
217,217,Cash,2023-11-23
218,218,Cash,2023-10-25
219,219,NetBanking,2023-05-28
220,220,Card,2024-06-08
221,221,NetBanking,2023-11-20
222,222,Cash,2024-05-12
223,223,Cash,2023-03-25
224,224,Card,2023-06-29
225,225,UPI,2024-01-27
226,226,NetBanking,2023-05-07
227,227,Cash,2023-10-02
228,228,UPI,2024-02-25
229,229,Card,2024-04-26
230,230,UPI,2023-01-24
231,231,Cash,2023-05-03
232,232,Cash,2024-03-16
233,233,Cash,2023-11-25
234,234,NetBanking,2024-08-15
235,235,Card,2023-06-12
236,236,UPI,2023-11-18
237,237,Cash,2023-04-24
238,238,NetBanking,2023-12-10
239,239,Card,2024-07-25
240,240,UPI,2024-07-07
241,241,UPI,2023-08-18
242,242,Cash,2023-02-17
243,243,Card,2023-03-01
244,244,Cash,2023-08-07
245,245,Cash,2024-01-25
246,246,Card,2024-01-24
247,247,Cash,2023-09-04
248,248,NetBanking,2023-08-29
249,249,UPI,2024-01-31
250,250,NetBanking,2023-02-19
251,251,Card,2023-09-18
252,252,UPI,2023-05-17
253,253,NetBanking,2023-06-19
254,254,UPI,2024-03-25
255,255,Card,2024-05-29
256,256,UPI,2024-01-31
257,257,Card,2024-07-27
258,258,NetBanking,2024-01-30
259,259,NetBanking,2024-04-12
260,260,Card,2023-10-23
261,261,Card,2024-06-23
262,262,NetBanking,2023-12-05
263,263,UPI,2024-03-11
264,264,Card,2023-09-26
265,265,Card,2023-06-25
266,266,Card,2023-06-04
267,267,Card,2023-04-21
268,268,UPI,2024-01-24
269,269,Cash,2023-07-17
270,270,UPI,2023-10-29
271,271,Cash,2024-02-08
272,272,Cash,2023-05-03
273,273,NetBanking,2024-04-18
274,274,Card,2024-02-26
275,275,NetBanking,2023-06-30
276,276,UPI,2024-03-21
277,277,UPI,2024-07-01
278,278,NetBanking,2024-08-21
279,279,Cash,2024-05-09
280,280,NetBanking,2024-01-30
281,281,UPI,2023-09-03
282,282,Card,2024-07-31
283,283,UPI,2023-05-08
284,284,Cash,2023-08-30
285,285,UPI,2023-02-23
286,286,Cash,2023-03-18
287,287,Cash,2023-04-03
288,288,Cash,2023-02-21
289,289,NetBanking,2023-02-22
290,290,UPI,2023-09-16
291,291,UPI,2023-05-20
292,292,NetBanking,2023-12-13
293,293,Card,2024-04-04
294,294,UPI,2024-05-16
295,295,UPI,2023-01-06
296,296,UPI,2023-11-30
297,297,Cash,2023-02-08
298,298,Card,2024-08-18
299,299,Cash,2023-10-18
300,300,UPI,2023-07-31
301,301,NetBanking,2024-07-19
302,302,UPI,2023-12-12
303,303,UPI,2024-05-30
304,304,NetBanking,2023-12-10
305,305,Cash,2023-12-14
306,306,Card,2023-09-13
307,307,Card,2023-09-05
308,308,Cash,2024-01-14
309,309,Card,2023-01-14
310,310,Card,2024-06-03
311,311,Card,2024-07-28
312,312,UPI,2023-06-30
313,313,NetBanking,2023-02-20
314,314,NetBanking,2024-07-16
315,315,Cash,2023-03-13
316,316,UPI,2023-12-21
317,317,UPI,2023-05-27
318,318,NetBanking,2023-10-05
319,319,Cash,2023-07-01
320,320,Cash,2024-05-23
321,321,Cash,2024-01-20
322,322,Card,2023-12-21
323,323,NetBanking,2023-10-21
324,324,UPI,2023-03-22
325,325,NetBanking,2023-05-19
326,326,UPI,2024-08-16
327,327,Cash,2023-04-29
328,328,NetBanking,2023-11-28
329,329,Card,2024-02-02
330,330,NetBanking,2023-10-19
331,331,NetBanking,2023-05-22
332,332,UPI,2024-05-14
333,333,Card,2024-01-23
334,334,NetBanking,2023-01-15
335,335,Cash,2023-04-30
336,336,Cash,2024-06-13
337,337,UPI,2024-07-25
338,338,Cash,2024-06-02
339,339,Cash,2023-08-20
340,340,Cash,2024-01-01
341,341,NetBanking,2023-12-30
342,342,UPI,2024-03-14
343,343,NetBanking,2023-08-02
344,344,Card,2023-08-24
345,345,UPI,2023-06-30
346,346,UPI,2024-01-13
347,347,NetBanking,2023-10-08
348,348,UPI,2023-12-14
349,349,NetBanking,2023-06-27
350,350,NetBanking,2023-03-08
351,351,NetBanking,2023-04-09
352,352,Card,2024-05-18
353,353,Card,2023-08-17
354,354,Card,2024-04-14
355,355,UPI,2023-12-06
356,356,NetBanking,2023-04-25
357,357,UPI,2024-08-12
358,358,UPI,2024-02-12
359,359,UPI,2024-02-08
360,360,UPI,2023-11-20
361,361,NetBanking,2024-08-09
362,362,UPI,2023-02-15
363,363,NetBanking,2024-01-01
364,364,UPI,2023-08-30
365,365,Card,2023-03-28
366,366,NetBanking,2024-08-09
367,367,NetBanking,2023-04-20
368,368,Cash,2023-06-02
369,369,Cash,2023-12-21
370,370,UPI,2023-02-28
371,371,NetBanking,2023-08-28
372,372,NetBanking,2023-10-23
373,373,NetBanking,2023-03-28
374,374,UPI,2023-07-28
375,375,Card,2024-06-10
376,376,Cash,2023-03-18
377,377,Cash,2023-08-14
378,378,Cash,2023-05-23
379,379,UPI,2023-03-23
380,380,UPI,2024-01-13
381,381,Cash,2024-05-20
382,382,Cash,2023-10-23
383,383,UPI,2024-05-07
384,384,Cash,2023-02-21
385,385,NetBanking,2023-11-19
386,386,UPI,2023-01-26
387,387,NetBanking,2023-05-02
388,388,Card,2024-05-14
389,389,Cash,2024-02-13
390,390,Cash,2024-05-23
391,391,Card,2024-01-08
392,392,Card,2024-04-06
393,393,Card,2024-06-05
394,394,Card,2023-11-20
395,395,NetBanking,2024-04-25
396,396,NetBanking,2023-07-16
397,397,NetBanking,2024-02-20
398,398,Card,2024-05-12
399,399,Card,2023-07-10
400,400,UPI,2023-12-26
401,401,Card,2024-01-21
402,402,UPI,2023-01-09
403,403,UPI,2024-06-07
404,404,NetBanking,2024-04-04
405,405,Cash,2023-07-20
406,406,UPI,2024-01-27
407,407,NetBanking,2023-03-29
408,408,UPI,2024-08-03
409,409,Card,2023-04-24
410,410,NetBanking,2023-03-08
411,411,NetBanking,2024-05-19
412,412,UPI,2024-06-15
413,413,Card,2024-05-31
414,414,Card,2024-01-05
415,415,NetBanking,2023-04-28
416,416,Cash,2023-04-05
417,417,Cash,2023-09-17
418,418,NetBanking,2023-07-04
419,419,UPI,2023-03-04
420,420,UPI,2024-04-14
421,421,UPI,2023-03-06
422,422,Cash,2023-05-19
423,423,UPI,2023-02-01
424,424,NetBanking,2024-03-18
425,425,Cash,2023-07-24
426,426,Cash,2023-11-25
427,427,NetBanking,2024-05-01
428,428,Card,2024-01-16
429,429,Card,2023-05-29
430,430,Cash,2023-10-09
431,431,Card,2024-03-04
432,432,Card,2024-06-24
433,433,Card,2024-07-08
434,434,NetBanking,2023-12-23
435,435,UPI,2024-04-19
436,436,NetBanking,2023-11-10
437,437,NetBanking,2024-07-19
438,438,UPI,2023-08-26
439,439,Cash,2024-02-05
440,440,Card,2024-01-07
441,441,Cash,2024-08-08
442,442,NetBanking,2024-02-24
443,443,Card,2023-12-08
444,444,UPI,2024-02-26
445,445,Card,2023-02-12
446,446,Card,2023-09-11
447,447,UPI,2024-07-23
448,448,Card,2024-08-14
449,449,NetBanking,2023-12-01
450,450,UPI,2023-04-09
451,451,NetBanking,2024-01-27
452,452,NetBanking,2023-08-04
453,453,NetBanking,2024-06-12
454,454,Card,2023-11-07
455,455,UPI,2023-09-10
456,456,Card,2024-01-30
457,457,NetBanking,2024-03-02
458,458,Card,2023-05-09
459,459,UPI,2024-06-17
460,460,UPI,2024-04-12
461,461,Cash,2023-08-11
462,462,Cash,2024-01-22
463,463,Cash,2023-09-14
464,464,NetBanking,2023-12-10
465,465,NetBanking,2023-08-25
466,466,UPI,2024-08-18
467,467,Cash,2023-02-12
468,468,Card,2023-09-01
469,469,UPI,2024-03-29
470,470,UPI,2023-01-25
471,471,Card,2024-01-24
472,472,UPI,2023-11-25
473,473,Card,2023-01-04
474,474,UPI,2023-08-01
475,475,NetBanking,2023-03-14
476,476,NetBanking,2024-01-20
477,477,UPI,2023-05-25
478,478,Card,2023-08-03
479,479,NetBanking,2023-09-07
480,480,UPI,2023-06-28
481,481,NetBanking,2024-08-10
482,482,Card,2023-12-09
483,483,NetBanking,2023-03-18
484,484,Card,2024-02-10
485,485,Card,2024-08-14
486,486,NetBanking,2024-07-11
487,487,UPI,2023-12-26
488,488,Card,2023-03-14
489,489,NetBanking,2023-12-09
490,490,UPI,2023-09-12
491,491,Card,2023-09-07
492,492,Card,2023-10-27
493,493,Card,2024-03-25
494,494,Cash,2024-07-01
495,495,UPI,2024-05-13
496,496,Cash,2023-05-09
497,497,UPI,2024-06-09
498,498,Card,2024-04-21
499,499,Cash,2023-12-21
500,500,Cash,2023-10-27
501,501,Card,2024-07-22
502,502,NetBanking,2023-02-05
503,503,Cash,2023-08-25
504,504,UPI,2023-06-29
505,505,UPI,2023-04-05
506,506,Cash,2023-07-23
507,507,UPI,2024-04-21
508,508,Cash,2023-06-23
509,509,UPI,2023-01-03
510,510,Card,2024-04-22
511,511,Card,2023-04-22
512,512,UPI,2023-09-30
513,513,UPI,2023-11-16
514,514,UPI,2024-07-28
515,515,Cash,2024-05-17
516,516,NetBanking,2023-12-01
517,517,Card,2024-08-18
518,518,Card,2023-09-06
519,519,Card,2023-08-20
520,520,NetBanking,2023-12-04
521,521,NetBanking,2023-03-03
522,522,Cash,2023-12-22
523,523,Card,2023-04-30
524,524,Card,2023-02-04
525,525,Card,2024-05-04
526,526,UPI,2024-05-17
527,527,Card,2023-07-06
528,528,Cash,2024-01-31
529,529,Card,2023-10-21
530,530,UPI,2024-06-07
531,531,UPI,2023-11-22
532,532,Cash,2024-03-08
533,533,Card,2023-08-30
534,534,UPI,2023-01-03
535,535,Card,2023-12-13
536,536,Card,2023-09-13
537,537,Cash,2024-06-01
538,538,Card,2024-07-14
539,539,UPI,2023-11-17
540,540,Cash,2024-01-04
541,541,NetBanking,2024-01-08
542,542,UPI,2023-03-27
543,543,Card,2024-05-27
544,544,UPI,2024-03-15
545,545,NetBanking,2023-01-09
546,546,Cash,2023-10-13
547,547,Card,2023-05-01
548,548,UPI,2024-07-05
549,549,UPI,2023-01-24
550,550,NetBanking,2024-01-19
551,551,UPI,2024-05-13
552,552,UPI,2023-10-26
553,553,Cash,2023-02-05
554,554,Card,2024-07-03
555,555,UPI,2023-08-14
556,556,Cash,2023-12-06
557,557,Cash,2023-09-08
558,558,Card,2023-05-01
559,559,Card,2024-05-01
560,560,Card,2024-04-28
561,561,Cash,2023-05-19
562,562,Cash,2024-05-08
563,563,UPI,2023-02-11
564,564,UPI,2024-03-21
565,565,Cash,2023-06-08
566,566,Card,2024-05-24
567,567,Card,2024-02-07
568,568,Cash,2023-08-29
569,569,NetBanking,2024-05-04
570,570,NetBanking,2023-06-07
571,571,UPI,2023-09-07
572,572,Cash,2023-03-20
573,573,Card,2023-08-14
574,574,Cash,2023-02-08
575,575,Card,2024-04-12
576,576,NetBanking,2024-03-01
577,577,Cash,2024-02-02
578,578,Cash,2023-02-27
579,579,UPI,2023-12-23
580,580,UPI,2023-03-07
581,581,Cash,2023-06-17
582,582,Card,2023-08-13
583,583,UPI,2024-06-15
584,584,NetBanking,2023-01-22
585,585,UPI,2023-01-08
586,586,UPI,2023-10-22
587,587,UPI,2024-05-04
588,588,NetBanking,2024-07-29
589,589,NetBanking,2023-09-09
590,590,NetBanking,2023-12-08
591,591,NetBanking,2023-08-25
592,592,Card,2023-05-05
593,593,Card,2024-07-12
594,594,NetBanking,2023-06-19
595,595,Card,2024-01-29
596,596,NetBanking,2024-05-11
597,597,UPI,2024-02-05
598,598,UPI,2023-04-07
599,599,NetBanking,2023-03-06
600,600,NetBanking,2024-05-27
601,601,NetBanking,2023-04-02
602,602,Card,2024-01-18
603,603,Cash,2023-06-01
604,604,UPI,2024-05-17
605,605,Cash,2024-06-28
606,606,UPI,2024-03-10
607,607,UPI,2023-08-16
608,608,Card,2023-01-24
609,609,Cash,2024-08-12
610,610,UPI,2024-04-27
611,611,Cash,2024-04-14
612,612,UPI,2023-04-05
613,613,Card,2023-01-09
614,614,Card,2024-03-13
615,615,Cash,2023-04-14
616,616,Card,2023-02-16
617,617,NetBanking,2024-07-13
618,618,Card,2023-12-09
619,619,Card,2024-06-27
620,620,UPI,2024-08-18
621,621,UPI,2023-05-23
622,622,NetBanking,2023-11-02
623,623,NetBanking,2023-02-26
624,624,Cash,2024-05-19
625,625,UPI,2023-11-30
626,626,UPI,2024-02-22
627,627,Card,2024-05-24
628,628,Card,2024-05-16
629,629,Card,2024-01-20
630,630,NetBanking,2023-01-07
631,631,Cash,2023-09-14
632,632,NetBanking,2023-06-15
633,633,Cash,2024-04-06
634,634,Card,2023-01-21
635,635,Card,2023-11-03
636,636,Cash,2024-06-29
637,637,Cash,2023-10-24
638,638,Card,2023-12-17
639,639,Card,2023-04-09
640,640,NetBanking,2023-12-02
641,641,Cash,2024-02-23
642,642,UPI,2023-03-12
643,643,Card,2023-09-29
644,644,Cash,2023-05-03
645,645,NetBanking,2023-07-10
646,646,NetBanking,2023-06-15
647,647,Cash,2024-04-23
648,648,UPI,2024-03-23
649,649,UPI,2023-04-21
650,650,UPI,2023-06-02
651,651,UPI,2023-12-25
652,652,NetBanking,2024-08-20
653,653,NetBanking,2024-03-09
654,654,NetBanking,2024-02-23
655,655,Cash,2024-01-21
656,656,NetBanking,2024-07-17
657,657,Card,2023-08-09
658,658,Cash,2023-07-13
659,659,Cash,2023-04-13
660,660,Cash,2023-10-13
661,661,NetBanking,2023-05-05
662,662,NetBanking,2024-04-22
663,663,Cash,2024-01-25
664,664,Card,2024-02-07
665,665,UPI,2023-11-12
666,666,UPI,2024-04-19
667,667,Card,2023-02-11
668,668,NetBanking,2023-04-06
669,669,UPI,2024-05-14
670,670,NetBanking,2023-05-22
671,671,Card,2024-07-06
672,672,NetBanking,2024-05-09
673,673,NetBanking,2023-10-01
674,674,UPI,2023-06-04
675,675,NetBanking,2024-02-05
676,676,UPI,2023-04-10
677,677,Card,2024-02-29
678,678,UPI,2024-03-25
679,679,NetBanking,2023-07-17
680,680,NetBanking,2023-11-10
681,681,Card,2023-07-27
682,682,Card,2023-02-21
683,683,NetBanking,2023-07-23
684,684,UPI,2023-09-16
685,685,Card,2023-05-09
686,686,NetBanking,2024-03-17
687,687,Cash,2024-06-20
688,688,Cash,2023-02-17
689,689,UPI,2023-08-24
690,690,NetBanking,2023-04-10
691,691,Cash,2024-01-25
692,692,Cash,2023-10-03
693,693,Cash,2023-09-18
694,694,Card,2023-07-22
695,695,UPI,2023-06-27
696,696,UPI,2023-08-29
697,697,Cash,2024-04-19
698,698,UPI,2024-07-30
699,699,NetBanking,2024-01-03
700,700,NetBanking,2023-04-23
701,701,NetBanking,2023-11-04
702,702,Card,2024-04-23
703,703,Cash,2023-02-21
704,704,Card,2023-06-25
705,705,Card,2023-10-18
706,706,Cash,2023-11-18
707,707,NetBanking,2024-07-07
708,708,Cash,2023-09-09
709,709,UPI,2023-08-04
710,710,NetBanking,2024-02-03
711,711,Card,2024-05-05
712,712,Cash,2023-04-13
713,713,Card,2024-04-26
714,714,NetBanking,2023-01-14
715,715,NetBanking,2023-09-17
716,716,Cash,2023-08-07
717,717,Cash,2024-05-22
718,718,NetBanking,2024-06-16
719,719,Cash,2024-02-06
720,720,UPI,2023-10-13
721,721,UPI,2023-07-22
722,722,Cash,2023-05-15
723,723,Cash,2023-06-18
724,724,Cash,2023-05-26
725,725,UPI,2024-04-15
726,726,UPI,2023-12-03
727,727,NetBanking,2023-11-06
728,728,NetBanking,2023-05-09
729,729,NetBanking,2023-03-24
730,730,NetBanking,2024-01-27
731,731,Cash,2024-04-04
732,732,Card,2023-06-12
733,733,Cash,2023-08-25
734,734,Card,2023-07-19
735,735,Cash,2023-12-17
736,736,Card,2023-12-11
737,737,UPI,2023-01-10
738,738,Card,2023-05-26
739,739,NetBanking,2023-03-25
740,740,NetBanking,2024-05-24
741,741,Card,2023-04-20
742,742,NetBanking,2023-06-02
743,743,Card,2023-12-02
744,744,NetBanking,2023-09-16
745,745,Card,2024-07-18
746,746,Cash,2024-02-11
747,747,Card,2023-09-19
748,748,Cash,2024-06-26
749,749,Cash,2024-02-22
750,750,UPI,2023-04-09
751,751,NetBanking,2024-01-12
752,752,UPI,2023-08-28
753,753,UPI,2024-02-06
754,754,NetBanking,2024-06-03
755,755,NetBanking,2023-02-25
756,756,NetBanking,2023-09-22
757,757,Card,2023-07-16
758,758,Card,2024-01-13
759,759,NetBanking,2023-06-15
760,760,UPI,2023-08-26
761,761,Card,2024-03-26
762,762,NetBanking,2023-03-16
763,763,Cash,2024-03-26
764,764,UPI,2023-09-15
765,765,UPI,2024-04-17
766,766,Card,2024-08-17
767,767,NetBanking,2023-04-26
768,768,Card,2023-02-04
769,769,UPI,2023-05-20
770,770,Cash,2023-03-20
771,771,Cash,2023-07-10
772,772,NetBanking,2024-08-03
773,773,Card,2023-04-10
774,774,UPI,2023-11-07
775,775,Cash,2024-06-14
776,776,Cash,2024-07-13
777,777,Card,2023-05-11
778,778,UPI,2023-09-27
779,779,Card,2024-04-17
780,780,Cash,2023-11-10
781,781,Cash,2023-02-20
782,782,NetBanking,2023-01-09
783,783,NetBanking,2023-09-16
784,784,NetBanking,2024-03-14
785,785,Card,2023-01-19
786,786,Card,2023-03-10
787,787,Card,2024-05-22
788,788,Cash,2024-08-12
789,789,UPI,2023-04-16
790,790,Card,2023-03-22
791,791,NetBanking,2024-01-29
792,792,Cash,2023-11-23
793,793,Card,2024-01-25
794,794,Card,2023-10-15
795,795,NetBanking,2023-11-22
796,796,NetBanking,2023-03-23
797,797,NetBanking,2024-07-07
798,798,NetBanking,2024-02-07
799,799,Cash,2024-05-19
800,800,NetBanking,2023-06-01
801,801,Cash,2023-05-09
802,802,Card,2024-08-02
803,803,Card,2023-09-26
804,804,UPI,2023-05-10
805,805,Card,2024-06-30
806,806,Cash,2024-05-09
807,807,Cash,2024-04-24
808,808,UPI,2023-02-23
809,809,UPI,2024-01-15
810,810,Cash,2024-03-11
811,811,UPI,2023-09-03
812,812,NetBanking,2024-03-25
813,813,NetBanking,2023-09-11
814,814,NetBanking,2024-05-23
815,815,NetBanking,2023-07-07
816,816,UPI,2023-02-19
817,817,NetBanking,2023-10-31
818,818,NetBanking,2023-10-27
819,819,Card,2023-10-16
820,820,Card,2024-06-27
821,821,Cash,2024-06-10
822,822,UPI,2023-05-26
823,823,Card,2023-01-31
824,824,UPI,2024-01-11
825,825,NetBanking,2024-01-01
826,826,UPI,2023-03-14
827,827,UPI,2024-04-18
828,828,Cash,2023-10-15
829,829,Cash,2023-04-01
830,830,NetBanking,2024-01-03
831,831,Cash,2024-07-26
832,832,NetBanking,2023-04-21
833,833,NetBanking,2024-06-10
834,834,UPI,2023-09-16
835,835,UPI,2023-06-16
836,836,Card,2024-02-15
837,837,Cash,2023-09-15
838,838,Card,2023-11-30
839,839,NetBanking,2024-08-22
840,840,Card,2024-01-04
841,841,NetBanking,2023-06-18
842,842,Cash,2023-08-27
843,843,Cash,2024-08-03
844,844,Cash,2024-05-28
845,845,UPI,2024-06-16
846,846,Card,2023-08-21
847,847,UPI,2023-06-29
848,848,Cash,2023-06-05
849,849,NetBanking,2023-02-25
850,850,NetBanking,2023-01-09
851,851,Cash,2024-07-19
852,852,Cash,2023-12-19
853,853,Cash,2023-02-11
854,854,Cash,2024-04-27
855,855,Card,2023-05-26
856,856,UPI,2024-01-15
857,857,NetBanking,2024-01-01
858,858,UPI,2023-08-13
859,859,NetBanking,2024-05-13
860,860,Cash,2023-02-12
861,861,UPI,2024-03-27
862,862,Card,2023-04-02
863,863,Cash,2024-04-20
864,864,UPI,2024-08-21
865,865,Card,2023-09-06
866,866,Card,2023-07-22
867,867,Card,2023-01-23
868,868,Cash,2023-10-07
869,869,NetBanking,2024-01-20
870,870,Cash,2023-03-09
871,871,Card,2024-05-07
872,872,UPI,2023-01-29
873,873,UPI,2023-01-21
874,874,Cash,2024-08-04
875,875,Cash,2023-09-27
876,876,Cash,2023-12-26
877,877,NetBanking,2023-10-01
878,878,UPI,2024-08-02
879,879,NetBanking,2023-12-09
880,880,Card,2024-04-26
881,881,NetBanking,2024-01-16
882,882,Cash,2024-08-05
883,883,UPI,2024-01-17
884,884,Cash,2023-07-08
885,885,NetBanking,2024-01-20
886,886,NetBanking,2023-04-01
887,887,Card,2023-06-27
888,888,UPI,2023-09-09
889,889,Card,2023-06-01
890,890,Card,2023-07-09
891,891,Card,2023-08-07
892,892,UPI,2024-05-18
893,893,UPI,2023-08-07
894,894,Card,2023-01-02
895,895,Cash,2023-01-01
896,896,Cash,2024-04-23
897,897,NetBanking,2023-04-16
898,898,Cash,2023-12-04
899,899,UPI,2023-05-26
900,900,UPI,2024-01-14
901,901,Cash,2023-07-31
902,902,Card,2024-08-11
903,903,Card,2023-12-30
904,904,NetBanking,2024-04-11
905,905,UPI,2023-07-10
906,906,NetBanking,2024-05-19
907,907,UPI,2023-07-16
908,908,UPI,2024-06-09
909,909,UPI,2024-06-24
910,910,UPI,2023-09-08
911,911,NetBanking,2023-05-15
912,912,UPI,2024-06-29
913,913,Card,2023-06-22
914,914,Card,2023-12-15
915,915,Cash,2024-03-17
916,916,NetBanking,2023-06-10
917,917,UPI,2023-06-11
918,918,UPI,2023-12-04
919,919,UPI,2024-04-15
920,920,UPI,2024-07-27
921,921,Card,2023-01-16
922,922,Card,2023-07-04
923,923,Card,2023-09-03
924,924,UPI,2023-01-02
925,925,Card,2023-10-23
926,926,NetBanking,2023-04-19
927,927,Card,2024-02-13
928,928,Cash,2024-01-15
929,929,Card,2024-03-26
930,930,Card,2024-05-08
931,931,UPI,2023-03-14
932,932,Card,2023-02-13
933,933,Card,2024-07-28
934,934,UPI,2023-07-31
935,935,Cash,2023-09-20
936,936,Cash,2024-05-07
937,937,UPI,2023-06-18
938,938,Cash,2023-02-02
939,939,NetBanking,2024-07-02
940,940,Cash,2023-08-26
941,941,Card,2023-12-19
942,942,Card,2023-09-21
943,943,UPI,2023-11-23
944,944,UPI,2024-08-14
945,945,Card,2023-02-25
946,946,Cash,2024-04-01
947,947,UPI,2024-06-27
948,948,UPI,2023-03-04
949,949,NetBanking,2024-06-20
950,950,UPI,2023-07-27
951,951,Cash,2024-05-28
952,952,Cash,2024-02-02
953,953,Cash,2023-06-29
954,954,NetBanking,2023-01-14
955,955,Card,2024-05-19
956,956,NetBanking,2024-03-20
957,957,Card,2023-02-21
958,958,Cash,2023-11-18
959,959,UPI,2023-06-23
960,960,UPI,2023-06-03
961,961,Cash,2023-03-26
962,962,Card,2024-01-25
963,963,Card,2024-07-02
964,964,Cash,2023-09-04
965,965,Cash,2023-11-01
966,966,NetBanking,2023-06-22
967,967,UPI,2024-02-23
968,968,Card,2024-06-23
969,969,Card,2024-01-01
970,970,UPI,2023-11-03
971,971,NetBanking,2023-12-02
972,972,Card,2023-08-21
973,973,Cash,2024-04-07
974,974,UPI,2024-02-11
975,975,Cash,2024-07-06
976,976,NetBanking,2024-04-05
977,977,NetBanking,2024-08-08
978,978,Card,2024-04-26
979,979,Card,2023-02-07
980,980,NetBanking,2024-06-23
981,981,Card,2023-08-22
982,982,Cash,2023-02-24
983,983,UPI,2023-08-16
984,984,Cash,2023-10-19
985,985,NetBanking,2023-11-07
986,986,Card,2023-11-07
987,987,Cash,2024-04-20
988,988,NetBanking,2023-01-10
989,989,NetBanking,2023-11-05
990,990,UPI,2024-05-05
991,991,NetBanking,2024-06-28
992,992,Cash,2023-11-19
993,993,Cash,2023-01-09
994,994,Card,2023-10-26
995,995,NetBanking,2024-03-12
996,996,UPI,2023-11-20
997,997,NetBanking,2024-07-07
998,998,NetBanking,2024-04-05
999,999,NetBanking,2024-01-28
1000,1000,Card,2024-04-08
